{
  "n_total": 500,
  "n_ok": 500,
  "n_err": 0,
  "n_judged": 496,
  "latency": {
    "total": {
      "n": 500,
      "mean": 87.81636660639606,
      "median": 72.44502253800238,
      "stdev": 46.90558115095164,
      "min": 12.280484372000501,
      "max": 263.5392495319975,
      "p50": 72.44502253800238,
      "p90": 143.419578029601,
      "p95": 188.752489075705,
      "p99": 211.30507619705034
    },
    "ttft": {
      "n": 500,
      "mean": 85.08081871538599,
      "median": 68.79185826949833,
      "stdev": 46.336585764527285,
      "min": 11.717968545002805,
      "max": 260.63628753100056,
      "p50": 68.79185826949833,
      "p90": 139.67113341330193,
      "p95": 184.8182151767515,
      "p99": 207.5974573367599
    },
    "streaming": {
      "n": 500,
      "mean": 2.684232538411958,
      "median": 3.047641172499425,
      "stdev": 0.9988739244152404,
      "min": 0.2600082140015729,
      "max": 4.30410044999735,
      "p50": 3.047641172499425,
      "p90": 3.7023341785017694,
      "p95": 3.9035406984487055,
      "p99": 4.156881815356756
    }
  },
  "cost": {
    "n": 500,
    "mean": 0.006586227495479705,
    "median": 0.005433376690350178,
    "stdev": 0.0035179185863213735,
    "min": 0.0009210363279000377,
    "max": 0.019765443714899814,
    "p50": 0.005433376690350178,
    "p90": 0.010756468352220078,
    "p95": 0.014156436680677877,
    "p99": 0.015847880714778776
  },
  "answer_word_count": {
    "n": 500,
    "mean": 158.812,
    "median": 177.0,
    "stdev": 57.79017785056558,
    "min": 17.0,
    "max": 236.0,
    "p50": 177.0,
    "p90": 219.0,
    "p95": 222.0,
    "p99": 231.0
  },
  "judge": {
    "correctness": {
      "n": 496,
      "mean": 3.129032258064516,
      "median": 3.0,
      "stdev": 1.2079557640872762,
      "min": 1.0,
      "max": 5.0,
      "p50": 3.0,
      "p90": 5.0,
      "p95": 5.0,
      "p99": 5.0
    },
    "helpfulness": {
      "n": 496,
      "mean": 3.1875,
      "median": 3.0,
      "stdev": 1.1266229333148547,
      "min": 1.0,
      "max": 5.0,
      "p50": 3.0,
      "p90": 5.0,
      "p95": 5.0,
      "p99": 5.0
    },
    "relevance": {
      "n": 496,
      "mean": 3.5443548387096775,
      "median": 4.0,
      "stdev": 1.2676370206115684,
      "min": 1.0,
      "max": 5.0,
      "p50": 4.0,
      "p90": 5.0,
      "p95": 5.0,
      "p99": 5.0
    }
  },
  "by_category": {
    "follow_up_questions": {
      "n_total": 20,
      "n_ok": 20,
      "n_judged": 20,
      "latency_total": {
        "n": 20,
        "mean": 102.22601846105007,
        "median": 113.43651820299965,
        "stdev": 44.43981192302596,
        "min": 24.927826788996754,
        "max": 185.97179921000497,
        "p50": 113.43651820299965,
        "p90": 140.66075229479836,
        "p95": 174.85197196074986,
        "p99": 183.74783376015392
      },
      "ttft": {
        "n": 20,
        "mean": 99.5669722683001,
        "median": 110.73635407549955,
        "stdev": 44.002997167267196,
        "min": 23.903414182001143,
        "max": 182.77175092900143,
        "p50": 110.73635407549955,
        "p90": 138.28001111530435,
        "p95": 171.65376846100136,
        "p99": 180.5481544354014
      },
      "answer_words": {
        "n": 20,
        "mean": 161.4,
        "median": 151.0,
        "stdev": 47.406117748661934,
        "min": 60.0,
        "max": 236.0,
        "p50": 151.0,
        "p90": 214.3,
        "p95": 217.95000000000002,
        "p99": 232.39
      },
      "correctness": {
        "n": 20,
        "mean": 2.5,
        "median": 2.0,
        "stdev": 1.161895003862225,
        "min": 1.0,
        "max": 4.0,
        "p50": 2.0,
        "p90": 4.0,
        "p95": 4.0,
        "p99": 4.0
      },
      "helpfulness": {
        "n": 20,
        "mean": 2.9,
        "median": 3.0,
        "stdev": 0.8888194417315589,
        "min": 1.0,
        "max": 4.0,
        "p50": 3.0,
        "p90": 4.0,
        "p95": 4.0,
        "p99": 4.0
      },
      "relevance": {
        "n": 20,
        "mean": 2.75,
        "median": 2.0,
        "stdev": 1.1346805717910218,
        "min": 1.0,
        "max": 5.0,
        "p50": 2.0,
        "p90": 5.0,
        "p95": 5.0,
        "p99": 5.0
      }
    },
    "general_medical_qa": {
      "n_total": 130,
      "n_ok": 130,
      "n_judged": 129,
      "latency_total": {
        "n": 130,
        "mean": 98.16187229857668,
        "median": 73.16356178249953,
        "stdev": 43.22431905171458,
        "min": 29.26111166999908,
        "max": 234.43175847899693,
        "p50": 73.16356178249953,
        "p90": 160.12474402809602,
        "p95": 188.98229806374783,
        "p99": 209.00086532796044
      },
      "ttft": {
        "n": 130,
        "mean": 94.9443749134921,
        "median": 69.75875896350044,
        "stdev": 43.029058257657546,
        "min": 28.592188334998355,
        "max": 231.12537397399865,
        "p50": 69.75875896350044,
        "p90": 156.5953574572988,
        "p95": 185.24819813159863,
        "p99": 205.4433480379387
      },
      "answer_words": {
        "n": 130,
        "mean": 186.83076923076922,
        "median": 196.0,
        "stdev": 32.20657803367277,
        "min": 37.0,
        "max": 227.0,
        "p50": 196.0,
        "p90": 219.0,
        "p95": 221.0,
        "p99": 225.83999999999997
      },
      "correctness": {
        "n": 129,
        "mean": 2.875968992248062,
        "median": 3.0,
        "stdev": 1.1878438021319662,
        "min": 1.0,
        "max": 5.0,
        "p50": 3.0,
        "p90": 4.0,
        "p95": 5.0,
        "p99": 5.0
      },
      "helpfulness": {
        "n": 129,
        "mean": 3.0,
        "median": 3.0,
        "stdev": 1.1613945106217463,
        "min": 1.0,
        "max": 5.0,
        "p50": 3.0,
        "p90": 4.0,
        "p95": 5.0,
        "p99": 5.0
      },
      "relevance": {
        "n": 129,
        "mean": 3.1627906976744184,
        "median": 3.0,
        "stdev": 1.2987214802737035,
        "min": 1.0,
        "max": 5.0,
        "p50": 3.0,
        "p90": 5.0,
        "p95": 5.0,
        "p99": 5.0
      }
    },
    "greeting_smalltalk": {
      "n_total": 30,
      "n_ok": 30,
      "n_judged": 30,
      "latency_total": {
        "n": 30,
        "mean": 34.09517993826739,
        "median": 22.07501747149763,
        "stdev": 24.307637036095265,
        "min": 14.34724350200122,
        "max": 128.6490037110052,
        "p50": 22.07501747149763,
        "p90": 51.17672817089918,
        "p95": 78.7938839353497,
        "p99": 115.98886866606361
      },
      "ttft": {
        "n": 30,
        "mean": 33.18872367023359,
        "median": 21.532171282999116,
        "stdev": 23.715046674550194,
        "min": 13.990155548002804,
        "max": 126.31018252500508,
        "p50": 21.532171282999116,
        "p90": 50.20018248640011,
        "p95": 75.81168491125113,
        "p99": 113.64745621580394
      },
      "answer_words": {
        "n": 30,
        "mean": 53.03333333333333,
        "median": 38.0,
        "stdev": 50.721779236230354,
        "min": 17.0,
        "max": 231.0,
        "p50": 38.0,
        "p90": 141.0,
        "p95": 141.0,
        "p99": 204.9000000000001
      },
      "correctness": {
        "n": 30,
        "mean": 4.133333333333334,
        "median": 5.0,
        "stdev": 1.4313940369055926,
        "min": 1.0,
        "max": 5.0,
        "p50": 5.0,
        "p90": 5.0,
        "p95": 5.0,
        "p99": 5.0
      },
      "helpfulness": {
        "n": 30,
        "mean": 4.133333333333334,
        "median": 4.0,
        "stdev": 1.0873004286866728,
        "min": 1.0,
        "max": 5.0,
        "p50": 4.0,
        "p90": 5.0,
        "p95": 5.0,
        "p99": 5.0
      },
      "relevance": {
        "n": 30,
        "mean": 4.333333333333333,
        "median": 5.0,
        "stdev": 1.2202003478482084,
        "min": 1.0,
        "max": 5.0,
        "p50": 5.0,
        "p90": 5.0,
        "p95": 5.0,